time,temperature
2026-07-05 00:10:00-04:00,23.399999999999793
2026-07-05 00:20:00-04:00,23.399999999999828
2026-07-05 00:30:00-04:00,23.399999999999793
2026-07-05 00:40:00-04:00,23.399999999999853
2026-07-05 00:50:00-04:00,23.399999999999793
2026-07-05 01:00:00-04:00,23.399999999999885
2026-07-05 01:10:00-04:00,23.399999999999796
2026-07-05 01:20:00-04:00,23.752818371607624
2026-07-05 01:30:00-04:00,23.513168724279605
2026-07-05 01:40:00-04:00,23.39999999999995
2026-07-05 01:50:00-04:00,23.399999999999793
2026-07-05 02:00:00-04:00,23.39999999999995
2026-07-05 02:10:00-04:00,23.32876712328773
2026-07-05 02:20:00-04:00,23.399999999999796
2026-07-05 02:30:00-04:00,23.399999999999885
2026-07-05 02:40:00-04:00,23.404115226337257
2026-07-05 02:50:00-04:00,23.39999999999991
2026-07-05 03:00:00-04:00,23.399999999999793
2026-07-05 03:10:00-04:00,23.39999999999994
2026-07-05 03:20:00-04:00,23.399999999999793
2026-07-05 03:30:00-04:00,23.399999999999952
2026-07-05 03:40:00-04:00,23.708041237113264
2026-07-05 03:50:00-04:00,23.561330561330532
2026-07-05 04:00:00-04:00,23.399999999999796
2026-07-05 04:10:00-04:00,23.39999999999995
2026-07-05 04:20:00-04:00,23.399999999999793
2026-07-05 04:30:00-04:00,23.39999999999995
2026-07-05 04:40:00-04:00,23.740618556700912
2026-07-05 04:50:00-04:00,23.470292887029196
2026-07-05 05:00:00-04:00,23.399999999999793
2026-07-05 05:10:00-04:00,23.399999999999896
2026-07-05 05:20:00-04:00,23.41773195876274
2026-07-05 05:30:00-04:00,23.399999999999864
2026-07-05 05:40:00-04:00,23.399999999999793
2026-07-05 05:50:00-04:00,23.399999999999835
2026-07-05 06:00:00-04:00,23.399999999999793
2026-07-05 06:10:00-04:00,23.399999999999814
2026-07-05 06:20:00-04:00,23.399999999999793
2026-07-05 06:30:00-04:00,23.399999999999793
2026-07-05 06:40:00-04:00,23.399999999999796
2026-07-05 06:50:00-04:00,23.411387163560914
2026-07-05 07:00:00-04:00,23.79835390946496
2026-07-05 07:10:00-04:00,23.41793814432969
2026-07-05 07:20:00-04:00,23.39999999999985
2026-07-05 07:30:00-04:00,23.399999999999793
2026-07-05 07:40:00-04:00,23.634639175257778
2026-07-05 07:50:00-04:00,23.399999999999793
2026-07-05 08:00:00-04:00,23.399999999999903
2026-07-05 08:10:00-04:00,23.399999999999793
2026-07-05 08:20:00-04:00,23.39999999999993
2026-07-05 08:30:00-04:00,23.399999999999796
2026-07-05 08:40:00-04:00,23.39999999999995
2026-07-05 08:50:00-04:00,23.560082304526517
2026-07-05 09:00:00-04:00,23.463917525773127
2026-07-05 09:10:00-04:00,23.399999999999793
2026-07-05 09:20:00-04:00,23.39999999999995
2026-07-05 09:30:00-04:00,23.399999999999793
2026-07-05 09:40:00-04:00,23.39999999999995
2026-07-05 09:50:00-04:00,23.399999999999796
2026-07-05 10:00:00-04:00,23.399999999999924
2026-07-05 10:10:00-04:00,23.578556701030838
2026-07-05 10:20:00-04:00,23.39999999999989
2026-07-05 10:30:00-04:00,23.399999999999793
2026-07-05 10:40:00-04:00,23.484472049689323
2026-07-05 10:50:00-04:00,23.399999999999793
2026-07-05 11:00:00-04:00,23.39999999999983
2026-07-05 11:10:00-04:00,23.399999999999793
2026-07-05 11:20:00-04:00,23.399999999999807
2026-07-05 11:30:00-04:00,23.3999999999998
2026-07-05 11:40:00-04:00,23.399999999999796
2026-07-05 11:50:00-04:00,23.39999999999982
2026-07-05 12:00:00-04:00,23.405349794238496
2026-07-05 12:10:00-04:00,23.399999999999842
2026-07-05 12:20:00-04:00,23.399999999999793
2026-07-05 12:30:00-04:00,23.39999999999987
2026-07-05 12:40:00-04:00,23.399999999999793
2026-07-05 12:50:00-04:00,23.3999999999999
2026-07-05 13:00:00-04:00,23.399999999999793
2026-07-05 13:10:00-04:00,23.399999999999924
2026-07-05 13:20:00-04:00,23.399999999999793
2026-07-05 13:30:00-04:00,23.39999999999995
2026-07-05 13:40:00-04:00,23.399999999999793
2026-07-05 13:50:00-04:00,23.39999999999995
2026-07-05 14:00:00-04:00,23.399999999999793
2026-07-05 14:10:00-04:00,23.399999999999945
2026-07-05 14:20:00-04:00,23.399999999999793
2026-07-05 14:30:00-04:00,23.39999999999995
2026-07-05 14:40:00-04:00,23.399999999999793
2026-07-05 14:50:00-04:00,23.399999999999945
2026-07-05 15:00:00-04:00,23.399999999999793
2026-07-05 15:10:00-04:00,23.399999999999906
2026-07-05 15:20:00-04:00,23.399999999999793
2026-07-05 15:30:00-04:00,23.39999999999988
2026-07-05 15:40:00-04:00,23.399999999999796
2026-07-05 15:50:00-04:00,23.399999999999846
2026-07-05 16:00:00-04:00,23.399999999999793
2026-07-05 16:10:00-04:00,23.39999999999982
2026-07-05 16:20:00-04:00,23.399999999999793
2026-07-05 16:30:00-04:00,23.3999999999998
2026-07-05 16:40:00-04:00,23.26569646569646
2026-07-05 16:50:00-04:00,23.399999999999793
2026-07-05 17:00:00-04:00,23.399999999999814
2026-07-05 17:10:00-04:00,23.399999999999796
2026-07-05 17:20:00-04:00,23.399999999999842
2026-07-05 17:30:00-04:00,23.399999999999793
2026-07-05 17:40:00-04:00,23.399999999999874
2026-07-05 17:50:00-04:00,23.399999999999793
2026-07-05 18:00:00-04:00,23.399999999999906
2026-07-05 18:10:00-04:00,23.399999999999793
2026-07-05 18:20:00-04:00,23.399999999999935
2026-07-05 18:30:00-04:00,23.399999999999793
2026-07-05 18:40:00-04:00,23.39999999999995
2026-07-05 18:50:00-04:00,23.399999999999793
2026-07-05 19:00:00-04:00,23.39999999999995
2026-07-05 19:10:00-04:00,23.399999999999793
2026-07-05 19:20:00-04:00,23.39999999999995
2026-07-05 19:30:00-04:00,23.399999999999793
2026-07-05 19:40:00-04:00,23.39999999999995
2026-07-05 19:50:00-04:00,23.399999999999796
2026-07-05 20:00:00-04:00,23.399999999999945
2026-07-05 20:10:00-04:00,23.399999999999793
2026-07-05 20:20:00-04:00,23.399999999999793
2026-07-05 20:30:00-04:00,23.399999999999814
2026-07-05 20:40:00-04:00,23.399999999999793
2026-07-05 20:50:00-04:00,23.467216494845193
2026-07-05 21:00:00-04:00,23.757113402061847
2026-07-05 21:10:00-04:00,23.399999999999878
2026-07-05 21:20:00-04:00,23.418144329896766
2026-07-05 21:30:00-04:00,23.39999999999991
2026-07-05 21:40:00-04:00,23.399999999999793
2026-07-05 21:50:00-04:00,23.39999999999994
2026-07-05 22:00:00-04:00,23.587654320987454
2026-07-05 22:10:00-04:00,23.599175257731925
2026-07-05 22:20:00-04:00,23.399999999999793
2026-07-05 22:30:00-04:00,23.410893246187328
2026-07-05 22:40:00-04:00,23.399999999999793
2026-07-05 22:50:00-04:00,23.436024844720457
2026-07-05 23:00:00-04:00,23.619875776397425
2026-07-05 23:10:00-04:00,23.39999999999994
2026-07-05 23:20:00-04:00,23.399999999999793
2026-07-05 23:30:00-04:00,23.399999999999917
2026-07-05 23:40:00-04:00,23.399999999999793
2026-07-05 23:50:00-04:00,23.39999999999988
2026-07-06 00:00:00-04:00,23.399999999999793
2026-07-06 00:10:00-04:00,23.399999999999835
2026-07-06 00:20:00-04:00,23.593775933609916
2026-07-06 00:30:00-04:00,23.3999999999998
2026-07-06 00:40:00-04:00,23.399999999999796
2026-07-06 00:50:00-04:00,23.399999999999796
2026-07-06 01:00:00-04:00,23.399999999999817
2026-07-06 01:10:00-04:00,23.49012345678995
2026-07-06 01:20:00-04:00,23.619087136929313
2026-07-06 01:30:00-04:00,23.399999999999796
2026-07-06 01:40:00-04:00,23.399999999999878
2026-07-06 01:50:00-04:00,23.399999999999793
2026-07-06 02:00:00-04:00,23.399999999999903
2026-07-06 02:10:00-04:00,23.399999999999796
2026-07-06 02:20:00-04:00,23.403292181069887
2026-07-06 02:30:00-04:00,23.399999999999796
2026-07-06 02:40:00-04:00,23.399999999999945
2026-07-06 02:50:00-04:00,23.399999999999793
2026-07-06 03:00:00-04:00,23.399999999999945
2026-07-06 03:10:00-04:00,23.399999999999793
2026-07-06 03:20:00-04:00,23.67685950413223
2026-07-06 03:30:00-04:00,23.399999999999793
2026-07-06 03:40:00-04:00,23.39999999999995
2026-07-06 03:50:00-04:00,23.399999999999796
2026-07-06 04:00:00-04:00,23.399999999999945
2026-07-06 04:10:00-04:00,23.399999999999793
2026-07-06 04:20:00-04:00,23.399999999999917
2026-07-06 04:30:00-04:00,23.59128630705385
2026-07-06 04:40:00-04:00,23.409053497942278
2026-07-06 04:50:00-04:00,23.553879310344687
2026-07-06 05:00:00-04:00,23.484536082474044
2026-07-06 05:10:00-04:00,23.399999999999793
2026-07-06 05:20:00-04:00,23.475619834710596
2026-07-06 05:30:00-04:00,23.3999999999998
2026-07-06 05:40:00-04:00,23.399999999999793
2026-07-06 05:50:00-04:00,23.399999999999807
2026-07-06 06:00:00-04:00,23.399999999999793
2026-07-06 06:10:00-04:00,23.399999999999828
2026-07-06 06:20:00-04:00,23.399999999999793
2026-07-06 06:30:00-04:00,23.483298969072028
2026-07-06 06:40:00-04:00,23.79999999999988
2026-07-06 06:50:00-04:00,23.630165289256084
2026-07-06 07:00:00-04:00,23.399999999999796
2026-07-06 07:10:00-04:00,23.39999999999991
2026-07-06 07:20:00-04:00,23.399999999999793
2026-07-06 07:30:00-04:00,23.399999999999938
2026-07-06 07:40:00-04:00,23.399999999999793
2026-07-06 07:50:00-04:00,23.399999999999945
2026-07-06 08:00:00-04:00,23.399999999999793
2026-07-06 08:10:00-04:00,23.39999999999995
2026-07-06 08:20:00-04:00,23.399999999999793
2026-07-06 08:30:00-04:00,23.39999999999995
2026-07-06 08:40:00-04:00,23.399999999999793
2026-07-06 08:50:00-04:00,23.399999999999945
2026-07-06 09:00:00-04:00,23.399999999999793
2026-07-06 09:10:00-04:00,23.399999999999945
2026-07-06 09:20:00-04:00,23.399999999999793
2026-07-06 09:30:00-04:00,23.399999999999917
2026-07-06 09:40:00-04:00,23.399999999999793
2026-07-06 09:50:00-04:00,23.399999999999892
2026-07-06 10:00:00-04:00,23.3999999999998
2026-07-06 10:10:00-04:00,23.399999999999846
2026-07-06 10:20:00-04:00,23.399999999999793
2026-07-06 10:30:00-04:00,23.39999999999982
2026-07-06 10:40:00-04:00,23.3999999999998
2026-07-06 10:50:00-04:00,23.399999999999793
2026-07-06 11:00:00-04:00,23.399999999999796
2026-07-06 11:10:00-04:00,23.399999999999793
2026-07-06 11:20:00-04:00,23.39999999999982
2026-07-06 11:30:00-04:00,23.399999999999793
2026-07-06 11:40:00-04:00,23.399999999999846
2026-07-06 11:50:00-04:00,23.52798353909436
2026-07-06 12:00:00-04:00,23.612783505154486
2026-07-06 12:10:00-04:00,23.500823045267218
2026-07-06 12:20:00-04:00,23.690948275862034
2026-07-06 12:30:00-04:00,23.399999999999796
2026-07-06 12:40:00-04:00,23.399999999999945
2026-07-06 12:50:00-04:00,23.399999999999793
2026-07-06 13:00:00-04:00,23.39999999999996
2026-07-06 13:10:00-04:00,23.399999999999793
2026-07-06 13:20:00-04:00,23.371734475374694
2026-07-06 13:30:00-04:00,23.399999999999793
2026-07-06 13:40:00-04:00,23.38004201680668
2026-07-06 13:50:00-04:00,23.399999999999796
2026-07-06 14:00:00-04:00,23.399999999999903
2026-07-06 14:10:00-04:00,23.124675324675362
2026-07-06 14:20:00-04:00,23.39663865546202
2026-07-06 14:30:00-04:00,23.399999999999793
2026-07-06 14:40:00-04:00,23.39999999999981
2026-07-06 14:50:00-04:00,23.399999999999793
2026-07-06 15:00:00-04:00,23.399999999999796
2026-07-06 15:10:00-04:00,23.3999999999998
2026-07-06 15:20:00-04:00,23.399999999999793
2026-07-06 15:30:00-04:00,23.399999999999824
2026-07-06 15:40:00-04:00,23.399999999999793
2026-07-06 15:50:00-04:00,23.399999999999853
2026-07-06 16:00:00-04:00,23.385583524027286
2026-07-06 16:10:00-04:00,23.39999999999993
2026-07-06 16:20:00-04:00,23.399999999999793
2026-07-06 16:30:00-04:00,23.433177570093488
2026-07-06 16:40:00-04:00,23.454658385092923
2026-07-06 16:50:00-04:00,23.399999999999952
2026-07-06 17:00:00-04:00,23.399999999999793
2026-07-06 17:10:00-04:00,23.399999999999945
2026-07-06 17:20:00-04:00,23.399999999999793
2026-07-06 17:30:00-04:00,23.088796680497946
2026-07-06 17:40:00-04:00,23.00705394190874
2026-07-06 17:50:00-04:00,23.01604938271604
2026-07-06 18:00:00-04:00,23.211642411642263
2026-07-06 18:10:00-04:00,23.399999999999856
2026-07-06 18:20:00-04:00,23.272839506173018
2026-07-06 18:30:00-04:00,23.365975103734268
2026-07-06 18:40:00-04:00,23.229218106995845
2026-07-06 18:50:00-04:00,23.0
2026-07-06 19:00:00-04:00,23.0
2026-07-06 19:10:00-04:00,23.18946280991732
2026-07-06 19:20:00-04:00,23.0
2026-07-06 19:30:00-04:00,23.0
2026-07-06 19:40:00-04:00,23.0
2026-07-06 19:50:00-04:00,23.36340956340936
2026-07-06 20:00:00-04:00,23.267381974248973
2026-07-06 20:10:00-04:00,23.0
2026-07-06 20:20:00-04:00,23.0
2026-07-06 20:30:00-04:00,23.26652078774595
2026-07-06 20:40:00-04:00,23.39047619047617
2026-07-06 20:50:00-04:00,23.004948453608247
2026-07-06 21:00:00-04:00,23.0
2026-07-06 21:10:00-04:00,23.332371134020406
2026-07-06 21:20:00-04:00,23.39999999999995
2026-07-06 21:30:00-04:00,23.28206185567016
2026-07-06 21:40:00-04:00,23.239506172839466
2026-07-06 21:50:00-04:00,23.389072164948278
2026-07-06 22:00:00-04:00,23.000619834710744
2026-07-06 22:10:00-04:00,23.30841889117021
2026-07-06 22:20:00-04:00,23.39938144329886
2026-07-06 22:30:00-04:00,23.048966942148763
2026-07-06 22:40:00-04:00,23.0
2026-07-06 22:50:00-04:00,23.0
2026-07-06 23:00:00-04:00,23.0
2026-07-06 23:10:00-04:00,23.062139917695518
2026-07-06 23:20:00-04:00,23.23010309278334
2026-07-06 23:30:00-04:00,23.399999999999796
2026-07-06 23:40:00-04:00,23.399999999999793
2026-07-06 23:50:00-04:00,23.354261954261805
2026-07-07 00:00:00-04:00,23.0
2026-07-07 00:10:00-04:00,23.0
2026-07-07 00:20:00-04:00,23.0
2026-07-07 00:30:00-04:00,23.01604938271611
2026-07-07 00:40:00-04:00,23.370893970893786
2026-07-07 00:50:00-04:00,23.39999999999988
2026-07-07 01:00:00-04:00,23.37818930041141
2026-07-07 01:10:00-04:00,23.244444444444387
2026-07-07 01:20:00-04:00,23.22839506172826
2026-07-07 01:30:00-04:00,23.399999999999938
2026-07-07 01:40:00-04:00,23.399999999999793
2026-07-07 01:50:00-04:00,23.256378600823062
2026-07-07 02:00:00-04:00,23.07777777777774
2026-07-07 02:10:00-04:00,23.39999999999995
2026-07-07 02:20:00-04:00,23.16337448559674
2026-07-07 02:30:00-04:00,23.087010309278316
2026-07-07 02:40:00-04:00,23.399999999999793
2026-07-07 02:50:00-04:00,23.200823045267494
2026-07-07 03:00:00-04:00,23.18309278350501
2026-07-07 03:10:00-04:00,23.39999999999994
2026-07-07 03:20:00-04:00,23.399999999999796
2026-07-07 03:30:00-04:00,23.099792960662533
2026-07-07 03:40:00-04:00,23.2944329896905
2026-07-07 03:50:00-04:00,23.396887966804854
2026-07-07 04:00:00-04:00,23.01172839506173
2026-07-07 04:10:00-04:00,23.303749999999845
2026-07-07 04:20:00-04:00,23.399999999999796
2026-07-07 04:30:00-04:00,23.399999999999814
2026-07-07 04:40:00-04:00,23.395798319327533
2026-07-07 04:50:00-04:00,23.375308641975103
2026-07-07 05:00:00-04:00,23.3999999999998
2026-07-07 05:10:00-04:00,23.300618556700975
2026-07-07 05:20:00-04:00,23.39999999999982
2026-07-07 05:30:00-04:00,23.120987654321002
2026-07-07 05:40:00-04:00,23.30597938144314
2026-07-07 05:50:00-04:00,23.338683127571894
2026-07-07 06:00:00-04:00,23.0
2026-07-07 06:10:00-04:00,23.207053941908562
2026-07-07 06:20:00-04:00,23.39999999999991
2026-07-07 06:30:00-04:00,23.399999999999793
2026-07-07 06:40:00-04:00,23.39999999999993
2026-07-07 06:50:00-04:00,23.399999999999793
2026-07-07 07:00:00-04:00,23.39999999999995
2026-07-07 07:10:00-04:00,23.396288659793594
2026-07-07 07:20:00-04:00,23.02592592592592
2026-07-07 07:30:00-04:00,23.0
2026-07-07 07:40:00-04:00,23.07092783505151
2026-07-07 07:50:00-04:00,23.38971193415618
2026-07-07 08:00:00-04:00,23.39999999999995
2026-07-07 08:10:00-04:00,23.399999999999793
2026-07-07 08:20:00-04:00,23.108641975308643
2026-07-07 08:30:00-04:00,23.399999999999793
2026-07-07 08:40:00-04:00,23.39999999999992
2026-07-07 08:50:00-04:00,23.058541666666663
2026-07-07 09:00:00-04:00,23.310655737704785
2026-07-07 09:10:00-04:00,23.399999999999793
2026-07-07 09:20:00-04:00,23.39999999999986
2026-07-07 09:30:00-04:00,23.29465020576117
2026-07-07 09:40:00-04:00,23.39999999999983
2026-07-07 09:50:00-04:00,23.399999999999793
2026-07-07 10:00:00-04:00,23.399999999999814
2026-07-07 10:10:00-04:00,23.399999999999793
2026-07-07 10:20:00-04:00,23.399999999999796
2026-07-07 10:30:00-04:00,23.3999999999998
2026-07-07 10:40:00-04:00,23.399999999999793
2026-07-07 10:50:00-04:00,23.39999999999982
2026-07-07 11:00:00-04:00,23.399999999999793
2026-07-07 11:10:00-04:00,23.399999999999846
2026-07-07 11:20:00-04:00,23.399999999999793
2026-07-07 11:30:00-04:00,23.39999999999987
2026-07-07 11:40:00-04:00,23.399999999999793
2026-07-07 11:50:00-04:00,23.399999999999903
2026-07-07 12:00:00-04:00,23.399999999999793
2026-07-07 12:10:00-04:00,23.399999999999924
2026-07-07 12:20:00-04:00,23.399999999999796
2026-07-07 12:30:00-04:00,23.025363825363808
2026-07-07 12:40:00-04:00,23.0
2026-07-07 12:50:00-04:00,23.158350515463866
2026-07-07 13:00:00-04:00,23.399999999999793
2026-07-07 13:10:00-04:00,23.399999999999945
2026-07-07 13:20:00-04:00,23.399999999999793
2026-07-07 13:30:00-04:00,23.39999999999995
2026-07-07 13:40:00-04:00,23.399999999999793
2026-07-07 13:50:00-04:00,23.392340425531867
2026-07-07 14:00:00-04:00,23.399999999999796
2026-07-07 14:10:00-04:00,23.399999999999885
2026-07-07 14:20:00-04:00,23.399999999999793
2026-07-07 14:30:00-04:00,23.219027484143737
2026-07-07 14:40:00-04:00,22.99365079365079
2026-07-07 14:50:00-04:00,22.998698481561824
2026-07-07 15:00:00-04:00,23.0
2026-07-07 15:10:00-04:00,23.088888888888967
2026-07-07 15:20:00-04:00,23.2400843881856
2026-07-07 15:30:00-04:00,23.0
2026-07-07 15:40:00-04:00,23.0
2026-07-07 15:50:00-04:00,23.0
2026-07-07 16:00:00-04:00,22.989376443418013
2026-07-07 16:10:00-04:00,23.0
2026-07-07 16:20:00-04:00,23.0
2026-07-07 16:30:00-04:00,23.0
2026-07-07 16:40:00-04:00,23.063829787233995
2026-07-07 16:50:00-04:00,23.399999999999874
2026-07-07 17:00:00-04:00,23.118588235294133
2026-07-07 17:10:00-04:00,23.0
2026-07-07 17:20:00-04:00,23.0
2026-07-07 17:30:00-04:00,23.0
2026-07-07 17:40:00-04:00,23.0
2026-07-07 17:50:00-04:00,23.0
2026-07-07 18:00:00-04:00,23.0
2026-07-07 18:10:00-04:00,23.0
2026-07-07 18:20:00-04:00,23.0
2026-07-07 18:30:00-04:00,23.0
2026-07-07 18:40:00-04:00,23.0
2026-07-07 18:50:00-04:00,23.0
2026-07-07 19:00:00-04:00,23.0
2026-07-07 19:10:00-04:00,23.0
2026-07-07 19:20:00-04:00,23.210845986984715
2026-07-07 19:30:00-04:00,23.38956521739112
2026-07-07 19:40:00-04:00,23.38513513513496
2026-07-07 19:50:00-04:00,23.307517084282374
2026-07-07 20:00:00-04:00,23.0
2026-07-07 20:10:00-04:00,23.32334047109198
2026-07-07 20:20:00-04:00,23.36124401913862
2026-07-07 20:30:00-04:00,23.29508196721309
2026-07-07 20:40:00-04:00,23.29848812095011
2026-07-07 20:50:00-04:00,23.38796296296285
2026-07-07 21:00:00-04:00,23.398630136986114
2026-07-07 21:10:00-04:00,23.3999999999998
2026-07-07 21:20:00-04:00,23.397356828193644
2026-07-07 21:30:00-04:00,23.348181818181697
2026-07-07 21:40:00-04:00,23.385267857142775
2026-07-07 21:50:00-04:00,23.399999999999796
2026-07-07 22:00:00-04:00,23.399999999999967
2026-07-07 22:10:00-04:00,23.3496535796765
2026-07-07 22:20:00-04:00,23.39999999999995
2026-07-07 22:30:00-04:00,23.399999999999803
2026-07-07 22:40:00-04:00,23.39409090909076
2026-07-07 22:50:00-04:00,23.391739130434583
2026-07-07 23:00:00-04:00,23.3967889908255
2026-07-07 23:10:00-04:00,23.399099099098954
2026-07-07 23:20:00-04:00,23.399999999999803
2026-07-07 23:30:00-04:00,23.352830188679203
2026-07-07 23:40:00-04:00,23.39999999999981
2026-07-07 23:50:00-04:00,23.399999999999963
2026-07-08 00:00:00-04:00,23.38704103671686
2026-07-08 00:10:00-04:00,23.399999999999874
2026-07-08 00:20:00-04:00,23.399999999999796
2026-07-08 00:30:00-04:00,23.388207547169625
2026-07-08 00:40:00-04:00,23.38921348314591
2026-07-08 00:50:00-04:00,23.399999999999796
2026-07-08 01:00:00-04:00,23.39525862068955
2026-07-08 01:10:00-04:00,23.37652370203144
2026-07-08 01:20:00-04:00,23.39955056179773
2026-07-08 01:30:00-04:00,23.3999999999998
2026-07-08 01:40:00-04:00,23.399999999999963
2026-07-08 01:50:00-04:00,23.27774936061378
2026-07-08 02:00:00-04:00,23.367924528301703
2026-07-08 02:10:00-04:00,23.39328537170247
2026-07-08 02:20:00-04:00,23.37545454545438
2026-07-08 02:30:00-04:00,23.39999999999992
2026-07-08 02:40:00-04:00,23.396482412060134
2026-07-08 02:50:00-04:00,23.3464373464373
2026-07-08 03:00:00-04:00,23.3999999999998
2026-07-08 03:10:00-04:00,23.394805194805024
2026-07-08 03:20:00-04:00,23.350117647058703
2026-07-08 03:30:00-04:00,23.390090090089895
2026-07-08 03:40:00-04:00,23.390981432360746
2026-07-08 03:50:00-04:00,23.399999999999793
2026-07-08 04:00:00-04:00,23.399999999999952
2026-07-08 04:10:00-04:00,23.366995073891474
2026-07-08 04:20:00-04:00,23.399999999999864
2026-07-08 04:30:00-04:00,23.398076923076744
2026-07-08 04:40:00-04:00,23.38419753086402
2026-07-08 04:50:00-04:00,23.375365344467518
2026-07-08 05:00:00-04:00,23.388095238095072
2026-07-08 05:10:00-04:00,23.39776785714283
2026-07-08 05:20:00-04:00,23.399999999999803
2026-07-08 05:30:00-04:00,23.39777777777773
2026-07-08 05:40:00-04:00,23.358435207823824
2026-07-08 05:50:00-04:00,23.399999999999824
2026-07-08 06:00:00-04:00,23.388181818181625
2026-07-08 06:10:00-04:00,23.399999999999824
2026-07-08 06:20:00-04:00,23.39999999999992
2026-07-08 06:30:00-04:00,23.399999999999803
2026-07-08 06:40:00-04:00,23.39185750636134
2026-07-08 06:50:00-04:00,23.399999999999796
2026-07-08 07:00:00-04:00,23.397327394209256
2026-07-08 07:10:00-04:00,23.27580246913575
2026-07-08 07:20:00-04:00,23.394557823129066
2026-07-08 07:30:00-04:00,23.33829321663004
2026-07-08 07:40:00-04:00,23.396460176990963
2026-07-08 07:50:00-04:00,23.399543378995375
2026-07-08 08:00:00-04:00,23.399999999999796
2026-07-08 08:10:00-04:00,23.37422434367541
2026-07-08 08:20:00-04:00,23.399999999999803
2026-07-08 08:30:00-04:00,23.39512195121939
2026-07-08 08:40:00-04:00,23.399999999999796
2026-07-08 08:50:00-04:00,23.397309417040166
2026-07-08 09:00:00-04:00,23.344794188861883
2026-07-08 09:10:00-04:00,23.399568034557035
2026-07-08 09:20:00-04:00,23.396853932584204
2026-07-08 09:30:00-04:00,23.399999999999835
2026-07-08 09:40:00-04:00,23.397339246119667
2026-07-08 09:50:00-04:00,23.399999999999803
2026-07-08 10:00:00-04:00,23.399999999999842
2026-07-08 10:10:00-04:00,23.16299559471368
2026-07-08 10:20:00-04:00,22.986907449209934
2026-07-08 10:30:00-04:00,23.0
2026-07-08 10:40:00-04:00,22.962599469496045
2026-07-08 10:50:00-04:00,22.97962085308058
2026-07-08 11:00:00-04:00,23.0
2026-07-08 11:10:00-04:00,23.0
2026-07-08 11:20:00-04:00,23.0
2026-07-08 11:30:00-04:00,23.0
2026-07-08 11:40:00-04:00,22.973302107728333
2026-07-08 11:50:00-04:00,22.998529411764704
2026-07-08 12:00:00-04:00,23.0
2026-07-08 12:10:00-04:00,23.0
2026-07-08 12:20:00-04:00,23.0
2026-07-08 12:30:00-04:00,23.0
2026-07-08 12:40:00-04:00,23.0
2026-07-08 12:50:00-04:00,23.005154639175267
2026-07-08 13:00:00-04:00,23.114225053078574
2026-07-08 13:10:00-04:00,22.957871396895783
2026-07-08 13:20:00-04:00,22.93895216400909
2026-07-08 13:30:00-04:00,23.0
2026-07-08 13:40:00-04:00,23.0
2026-07-08 13:50:00-04:00,22.877731092437074
2026-07-08 14:00:00-04:00,22.814898419864544
2026-07-08 14:10:00-04:00,22.995620437956205
2026-07-08 14:20:00-04:00,22.778384279475972
2026-07-08 14:30:00-04:00,23.0
2026-07-08 14:40:00-04:00,23.0
2026-07-08 14:50:00-04:00,23.0
2026-07-08 15:00:00-04:00,22.992039800995023
2026-07-08 15:10:00-04:00,23.0
2026-07-08 15:20:00-04:00,23.26268041237095
2026-07-08 15:30:00-04:00,23.39287305122475
2026-07-08 15:40:00-04:00,23.25741176470569
2026-07-08 15:50:00-04:00,23.15899280575541
2026-07-08 16:00:00-04:00,22.912844036697294
2026-07-08 16:10:00-04:00,22.99284116331096
2026-07-08 16:20:00-04:00,23.054020618556688
2026-07-08 16:30:00-04:00,23.228895184135872
2026-07-08 16:40:00-04:00,23.3999999999998
2026-07-08 16:50:00-04:00,23.270287539935957
2026-07-08 17:00:00-04:00,23.39999999999992
2026-07-08 17:10:00-04:00,23.184742268041227
2026-07-08 17:20:00-04:00,22.71338199513377
2026-07-08 17:30:00-04:00,22.971167048054944
2026-07-08 17:40:00-04:00,22.94341252699784
2026-07-08 17:50:00-04:00,22.93272727272726
2026-07-08 18:00:00-04:00,22.999097065462756
2026-07-08 18:10:00-04:00,22.99088669950739
2026-07-08 18:20:00-04:00,23.0
2026-07-08 18:30:00-04:00,22.885000000000005
2026-07-08 18:40:00-04:00,23.0
2026-07-08 18:50:00-04:00,22.972999999999992
2026-07-08 19:00:00-04:00,23.0
2026-07-08 19:10:00-04:00,23.0
2026-07-08 19:20:00-04:00,23.029399585921432
2026-07-08 19:30:00-04:00,23.02116991643453
2026-07-08 19:40:00-04:00,23.010373443983408
2026-07-08 19:50:00-04:00,23.079381443298956
2026-07-08 20:00:00-04:00,23.07780126849895
2026-07-08 20:10:00-04:00,23.0
2026-07-08 20:20:00-04:00,23.002330508474586
2026-07-08 20:30:00-04:00,23.181940700808582
2026-07-08 20:40:00-04:00,23.3923890063423
2026-07-08 20:50:00-04:00,23.301631701631738
2026-07-08 21:00:00-04:00,23.285062240663937
2026-07-08 21:10:00-04:00,23.25359801488832
2026-07-08 21:20:00-04:00,23.388387096774007
2026-07-08 21:30:00-04:00,23.365320665082987
2026-07-08 21:40:00-04:00,23.37251184834104
2026-07-08 21:50:00-04:00,23.399999999999803
2026-07-08 22:00:00-04:00,23.366750629722848
2026-07-08 22:10:00-04:00,23.395525727069167
2026-07-08 22:20:00-04:00,23.324822695035454
2026-07-08 22:30:00-04:00,23.046889952153183
2026-07-08 22:40:00-04:00,23.207441860464957
2026-07-08 22:50:00-04:00,23.385480093676648
2026-07-08 23:00:00-04:00,23.3999999999998
2026-07-08 23:10:00-04:00,23.399999999999896
2026-07-08 23:20:00-04:00,23.3589473684209
2026-07-08 23:30:00-04:00,23.36049382716044
2026-07-08 23:40:00-04:00,23.39287305122476
2026-07-08 23:50:00-04:00,23.359619952493947
2026-07-09 00:00:00-04:00,23.3930735930734
2026-07-09 00:10:00-04:00,23.38248847926248
2026-07-09 00:20:00-04:00,23.399554565701383
2026-07-09 00:30:00-04:00,23.371359223300786
2026-07-09 00:40:00-04:00,23.387308533916798
2026-07-09 00:50:00-04:00,23.31343283582076
2026-07-09 01:00:00-04:00,23.399122807017495
2026-07-09 01:10:00-04:00,23.37333333333319
2026-07-09 01:20:00-04:00,23.399145299145115
2026-07-09 01:30:00-04:00,23.388066825775493
2026-07-09 01:40:00-04:00,23.399999999999796
2026-07-09 01:50:00-04:00,23.38801843317961
2026-07-09 02:00:00-04:00,23.399999999999803
2026-07-09 02:10:00-04:00,23.39863325740317
2026-07-09 02:20:00-04:00,23.36433734939745
2026-07-09 02:30:00-04:00,23.399999999999924
2026-07-09 02:40:00-04:00,23.3728643216079
2026-07-09 02:50:00-04:00,23.399999999999814
2026-07-09 03:00:00-04:00,23.3824933687001
2026-07-09 03:10:00-04:00,23.390839694656332
2026-07-09 03:20:00-04:00,23.39999999999995
2026-07-09 03:30:00-04:00,23.382543640897605
2026-07-09 03:40:00-04:00,23.39999999999993
2026-07-09 03:50:00-04:00,23.399999999999803
2026-07-09 04:00:00-04:00,23.393473193473042
2026-07-09 04:10:00-04:00,23.353805774278047
2026-07-09 04:20:00-04:00,23.390867579908495
2026-07-09 04:30:00-04:00,23.381655480984275
2026-07-09 04:40:00-04:00,23.367609254498582
2026-07-09 04:50:00-04:00,23.399999999999945
2026-07-09 05:00:00-04:00,23.381773399014623
2026-07-09 05:10:00-04:00,23.39999999999985
2026-07-09 05:20:00-04:00,23.39396751740121
2026-07-09 05:30:00-04:00,23.399999999999807
2026-07-09 05:40:00-04:00,23.390129870129755
2026-07-09 05:50:00-04:00,23.398081534772007
2026-07-09 06:00:00-04:00,23.368749999999952
2026-07-09 06:10:00-04:00,23.38634146341445
2026-07-09 06:20:00-04:00,23.399999999999885
2026-07-09 06:30:00-04:00,23.393212669683063
2026-07-09 06:40:00-04:00,23.349499999999885
2026-07-09 06:50:00-04:00,23.373684210526175
2026-07-09 07:00:00-04:00,23.399539170506724
2026-07-09 07:10:00-04:00,23.388425925925908
2026-07-09 07:20:00-04:00,23.3999999999998
2026-07-09 07:30:00-04:00,23.39589041095887
2026-07-09 07:40:00-04:00,23.399999999999807
2026-07-09 07:50:00-04:00,23.399999999999874
2026-07-09 08:00:00-04:00,23.39728506787311
2026-07-09 08:10:00-04:00,23.391646191646025
2026-07-09 08:20:00-04:00,23.397435897435745
2026-07-09 08:30:00-04:00,23.343192488262755
2026-07-09 08:40:00-04:00,23.399999999999952
2026-07-09 08:50:00-04:00,23.399999999999814
2026-07-09 09:00:00-04:00,23.399999999999974
2026-07-09 09:10:00-04:00,23.246473029045582
2026-07-09 09:20:00-04:00,23.0
2026-07-09 09:30:00-04:00,22.980462724935737
2026-07-09 09:40:00-04:00,23.108154506437682
2026-07-09 09:50:00-04:00,23.357403189065895
2026-07-09 10:00:00-04:00,23.39999999999981
2026-07-09 10:10:00-04:00,23.579097387173494
2026-07-09 10:20:00-04:00,23.521399176954507
2026-07-09 10:30:00-04:00,23.399999999999974
2026-07-09 10:40:00-04:00,23.3999999999998
2026-07-09 10:50:00-04:00,23.38668407310694
2026-07-09 11:00:00-04:00,23.399999999999793
2026-07-09 11:10:00-04:00,23.373803526448214
2026-07-09 11:20:00-04:00,22.84840182648401
2026-07-09 11:30:00-04:00,23.0
2026-07-09 11:40:00-04:00,23.0
2026-07-09 11:50:00-04:00,23.100212314224983
2026-07-09 12:00:00-04:00,23.396751740139194
2026-07-09 12:10:00-04:00,23.334793187347813
2026-07-09 12:20:00-04:00,23.0
2026-07-09 12:30:00-04:00,23.341123595505437
2026-07-09 12:40:00-04:00,23.37356828193817
2026-07-09 12:50:00-04:00,23.205895196506496
2026-07-09 13:00:00-04:00,23.218777292576345
2026-07-09 13:10:00-04:00,22.963636363636507
2026-07-09 13:20:00-04:00,22.863025210084018
2026-07-09 13:30:00-04:00,23.0
2026-07-09 13:40:00-04:00,23.06048565121408
2026-07-09 13:50:00-04:00,23.394774346793326
2026-07-09 14:00:00-04:00,23.399999999999803
2026-07-09 14:10:00-04:00,23.399999999999874
2026-07-09 14:20:00-04:00,23.447427293064642
2026-07-09 14:30:00-04:00,23.518503118502917
2026-07-09 14:40:00-04:00,23.399999999999793
2026-07-09 14:50:00-04:00,23.399999999999793
2026-07-09 15:00:00-04:00,23.346391752577226
2026-07-09 15:10:00-04:00,22.319341563786008
2026-07-09 15:20:00-04:00,20.507628865979285
2026-07-09 15:30:00-04:00,22.31111111111121
2026-07-09 15:40:00-04:00,22.903505154639177
2026-07-09 15:50:00-04:00,22.498712446351963
2026-07-09 16:00:00-04:00,21.381628392484348
2026-07-09 16:10:00-04:00,22.750617283950643
2026-07-09 16:20:00-04:00,23.0583333333333
2026-07-09 16:30:00-04:00,23.399999999999793
2026-07-09 16:40:00-04:00,23.39612068965513
2026-07-09 16:50:00-04:00,22.88312757201641
2026-07-09 17:00:00-04:00,21.42061855670098
2026-07-09 17:10:00-04:00,22.806652806652796
2026-07-09 17:20:00-04:00,23.293432203389788
2026-07-09 17:30:00-04:00,23.0
2026-07-09 17:40:00-04:00,23.0
2026-07-09 17:50:00-04:00,22.999999999999883
2026-07-09 18:00:00-04:00,21.094190871369193
2026-07-09 18:10:00-04:00,22.30608108108113
2026-07-09 18:20:00-04:00,22.861635220125766
2026-07-09 18:30:00-04:00,23.0
2026-07-09 18:40:00-04:00,23.259336099584832
2026-07-09 18:50:00-04:00,23.34845360824734
2026-07-09 19:00:00-04:00,23.00164948453608
2026-07-09 19:10:00-04:00,23.097942386831313
2026-07-09 19:20:00-04:00,23.0
2026-07-09 19:30:00-04:00,23.306611570247775
2026-07-09 19:40:00-04:00,22.024528301886647
2026-07-09 19:50:00-04:00,22.265289256198404
2026-07-09 20:00:00-04:00,22.73184855233859
2026-07-09 20:10:00-04:00,22.99958333333333
2026-07-09 20:20:00-04:00,23.254469854469637
2026-07-09 20:30:00-04:00,23.20646551724136
2026-07-09 20:40:00-04:00,23.00463157894737
2026-07-09 20:50:00-04:00,22.990123456790112
2026-07-09 21:00:00-04:00,23.0
2026-07-09 21:10:00-04:00,23.0
2026-07-09 21:20:00-04:00,23.0
2026-07-09 21:30:00-04:00,23.025925925925925
2026-07-09 21:40:00-04:00,23.399999999999793
2026-07-09 21:50:00-04:00,23.399999999999842
2026-07-09 22:00:00-04:00,23.233814432989732
2026-07-09 22:10:00-04:00,23.0
2026-07-09 22:20:00-04:00,23.313402061855438
2026-07-09 22:30:00-04:00,23.399999999999796
2026-07-09 22:40:00-04:00,23.399999999999793
2026-07-09 22:50:00-04:00,23.399999999999793
2026-07-09 23:00:00-04:00,23.32181069958843
2026-07-09 23:10:00-04:00,23.137731958762817
2026-07-09 23:20:00-04:00,23.399999999999835
2026-07-09 23:30:00-04:00,23.399999999999793
2026-07-09 23:40:00-04:00,23.399999999999864
2026-07-09 23:50:00-04:00,23.399999999999793
2026-07-10 00:00:00-04:00,23.399999999999892
